sport,half-spread,fills,variant,x (c),break-even on train,volume kept,always-on +30s,with rule +30s,avoided fills +30s,with rule +120s,with rule settle
CS2,1c,optimistic,both,0.86,True,0.3050622822553536,-1.00 (t -3.1),-0.10 (t -0.6),-1.39 (t -3.8),-0.26 (t -1.2),-0.43 (t -0.2)
CS2,1c,optimistic,one-sided,0.66,False,0.5322822531621049,-1.00 (t -3.1),-0.09 (t -0.4),-2.03 (t -3.8),-0.04 (t -0.2),+2.47 (t +1.1)
CS2,1c,strict,both,0.19,True,0.008763404084480819,-1.63 (t -4.3),-0.87 (t -0.9),-1.64 (t -4.3),-0.87 (t -1.0),-3.83 (t -0.7)
CS2,1c,strict,one-sided,0.76,False,0.5292388442598592,-1.63 (t -4.3),-0.61 (t -2.4),-2.79 (t -4.1),-0.57 (t -1.8),+2.30 (t +0.9)
CS2,2c,optimistic,both,1.45,True,0.6439604187886673,-0.74 (t -1.8),+0.16 (t +0.7),-2.37 (t -3.9),+0.22 (t +0.8),+2.87 (t +1.9)
CS2,2c,optimistic,one-sided,0.86,True,0.5671866714581867,-0.74 (t -1.8),+0.33 (t +1.3),-2.14 (t -3.0),+0.49 (t +1.8),+3.46 (t +1.6)
CS2,2c,strict,both,0.86,True,0.25930933550129825,-1.55 (t -3.0),-0.11 (t -0.4),-2.05 (t -3.6),-0.16 (t -0.4),-1.49 (t -0.6)
CS2,2c,strict,one-sided,0.76,False,0.5054628410208257,-1.55 (t -3.0),-0.18 (t -0.6),-2.95 (t -3.2),+0.05 (t +0.1),+3.11 (t +1.0)
CS2,3c,optimistic,both,2.56,True,0.9533520095551419,-0.65 (t -1.2),-0.30 (t -0.7),-7.90 (t -2.2),-0.64 (t -1.1),+2.55 (t +1.9)
CS2,3c,optimistic,one-sided,1.45,True,0.7659551533367773,-0.65 (t -1.2),+0.45 (t +1.3),-4.27 (t -3.3),+0.71 (t +2.1),+4.48 (t +2.3)
CS2,3c,strict,both,1.45,True,0.5972665676018525,-1.28 (t -1.9),+0.19 (t +0.5),-3.46 (t -4.1),+0.48 (t +1.2),+3.76 (t +1.7)
CS2,3c,strict,one-sided,1.16,False,0.6515265490556233,-1.28 (t -1.9),+0.30 (t +0.9),-4.23 (t -3.1),+0.73 (t +1.9),+5.18 (t +2.2)
MLB,1c,optimistic,both,0.06,True,0.012172903454669821,-1.19 (t -4.0),+0.53 (t +0.4),-1.21 (t -4.1),-0.87 (t -0.8),-5.34 (t -1.3)
MLB,1c,optimistic,one-sided,1.91,False,0.8623867586816408,-1.19 (t -4.0),-0.79 (t -2.8),-3.71 (t -3.7),-0.68 (t -2.2),-0.45 (t -0.7)
MLB,1c,strict,both,0.14,False,0.013765121374483581,-2.43 (t -5.0),-0.21 (t -0.1),-2.46 (t -5.1),-1.76 (t -1.1),-5.11 (t -1.0)
MLB,1c,strict,one-sided,1.91,False,0.800687155712902,-2.43 (t -5.0),-1.92 (t -4.1),-4.51 (t -4.0),-1.68 (t -3.1),-1.20 (t -1.0)
MLB,2c,optimistic,both,0.14,False,0.00876495044085742,-1.90 (t -3.5),+0.27 (t +0.1),-1.92 (t -3.6),-3.23 (t -1.4),-2.85 (t -0.4)
MLB,2c,optimistic,one-sided,1.91,False,0.7765574164090165,-1.90 (t -3.5),-1.36 (t -2.5),-3.77 (t -3.4),-1.20 (t -2.2),-1.45 (t -1.6)
MLB,2c,strict,both,0.14,False,0.006653195669171546,-2.89 (t -4.1),+0.34 (t +0.1),-2.91 (t -4.2),-1.32 (t -0.2),+3.31 (t +0.3)
MLB,2c,strict,one-sided,1.91,False,0.7431078809272164,-2.89 (t -4.1),-2.24 (t -3.0),-4.76 (t -3.7),-1.94 (t -2.5),-2.07 (t -1.3)
MLB,3c,optimistic,both,0.14,False,0.0063415708243365265,-2.20 (t -2.9),+1.15 (t +0.2),-2.22 (t -3.0),-2.19 (t -0.4),+1.44 (t +0.1)
MLB,3c,optimistic,one-sided,1.91,False,0.7303131706331101,-2.20 (t -2.9),-1.57 (t -2.0),-3.88 (t -2.9),-1.35 (t -1.7),-1.99 (t -1.1)
MLB,3c,strict,both,0.06,False,0.006350813231576533,-3.10 (t -3.5),+0.82 (t +0.1),-3.13 (t -3.6),-2.49 (t -0.4),+4.62 (t +0.3)
MLB,3c,strict,one-sided,1.91,False,0.7151111434681424,-3.10 (t -3.5),-2.37 (t -2.5),-4.93 (t -3.4),-2.19 (t -2.3),-2.59 (t -1.2)
