sport,forecast,fit,horizon,test R² (95% CI)
CS2,direction,feed as received,10 s,"3.07%  [2.26, 3.84]"
CS2,size,feed as received,10 s,"8.38%  [5.04, 10.78]"
CS2,direction,feed as received,30 s,"2.89%  [1.44, 4.46]"
CS2,size,feed as received,30 s,"11.92%  [5.79, 15.95]"
CS2,direction,feed 2.5 s earlier,10 s,"3.55%  [2.61, 4.52]"
CS2,size,feed 2.5 s earlier,10 s,"8.72%  [5.40, 11.11]"
CS2,direction,feed 2.5 s earlier,30 s,"3.35%  [1.76, 5.13]"
CS2,size,feed 2.5 s earlier,30 s,"12.04%  [5.91, 15.93]"
MLB,direction,feed as received,10 s,"0.53%  [0.30, 0.77]"
MLB,size,feed as received,10 s,"16.49%  [14.27, 18.68]"
MLB,direction,feed as received,30 s,"0.29%  [0.21, 0.38]"
MLB,size,feed as received,30 s,"10.86%  [8.71, 12.96]"
MLB,direction,feed 0.2 s earlier,10 s,"0.49%  [0.30, 0.71]"
MLB,size,feed 0.2 s earlier,10 s,"16.58%  [14.34, 18.78]"
MLB,direction,feed 0.2 s earlier,30 s,"0.29%  [0.21, 0.39]"
MLB,size,feed 0.2 s earlier,30 s,"10.87%  [8.72, 12.97]"
