version,h,Q,share,contracts,pnl,t,sport
tape only,join,10,2.7865396832581393,62450.11,-0.11991463537732454,-1.2706637040796072,CS2
tape only,join,25,6.174152096287577,138371.07,-0.15359914617823892,-1.4551504168332199,CS2
tape only,join,50,10.639573850172454,238447.18999999997,-0.20049229666186932,-1.6547910580387792,CS2
tape only,join,100,17.070787683728685,382579.36,-0.3207272559480882,-2.2126260014633394,CS2
tape only,join,200,25.1224243639644,563027.39,-0.46375986774985806,-2.693625326783481,CS2
tape only,1,10,1.52498146497017,34176.89,-0.1073000627231214,-0.774715832213821,CS2
tape only,1,25,3.3620820430978275,75348.79000000001,-0.18926134618988946,-1.2450569030139396,CS2
tape only,1,50,5.798102423808709,129943.29000000001,-0.2759045004185468,-1.6829325060892575,CS2
tape only,1,100,9.267536332643054,207697.98,-0.40262793814199355,-2.320214699542854,CS2
tape only,1,200,13.577353433424472,304286.79000000004,-0.5930799101263351,-3.002800050651567,CS2
tape only,2,10,0.6225676440575341,13952.58,-0.4472985362120421,-2.335578955774073,CS2
tape only,2,25,1.3831002167571553,30997.14,-0.551525862144186,-2.768525294433327,CS2
tape only,2,50,2.405205188061023,53903.89,-0.6711028612511765,-2.925753433751437,CS2
tape only,2,100,3.8425814800839415,86117.43,-0.8689362495300837,-3.469789845496308,CS2
tape only,2,200,5.617148112796678,125887.86,-1.0483627004663791,-3.6681604516480673,CS2
tape only,3,10,0.2744493573028214,6150.780000000001,-0.6245118505295261,-1.7321342245247873,CS2
tape only,3,25,0.606181302491767,13585.34,-0.7541272430428682,-2.007821341956468,CS2
tape only,3,50,1.0450357653188533,23420.660000000003,-0.8288267708937319,-2.0016175177535853,CS2
tape only,3,100,1.670675067565548,37442.08,-1.0590892653399595,-2.34478292709554,CS2
tape only,3,200,2.336355245890209,52360.869999999995,-1.290650059863405,-2.542274428137964,CS2
feed as received,join,10,1.3937158210538325,31235.050000000003,0.3297818281621916,1.9888554966589242,CS2
feed as received,join,25,3.121779226504173,69963.28,0.3035752608453352,1.7753115780621656,CS2
feed as received,join,50,5.429033143646986,121671.94999999998,0.26374901698742936,1.422984347817668,CS2
feed as received,join,100,8.839340309555144,198101.53000000003,0.13285487330871948,0.6406582517656068,CS2
feed as received,join,200,13.249459276161872,296938.24,-0.0338904596608549,-0.1449209391918886,CS2
feed as received,1,10,1.2364945761985808,27711.51,0.1760645026247663,0.9556662633046696,CS2
feed as received,1,25,2.7084390703177608,60699.770000000004,0.12551103262635988,0.6370635615492134,CS2
feed as received,1,50,4.644782229473944,104095.82999999999,0.07072224053022724,0.3349678217768623,CS2
feed as received,1,100,7.418537317956397,166259.42,-0.08381518908279842,-0.3514049022950857,CS2
feed as received,1,200,10.977633839585495,246023.56999999998,-0.27376937560884645,-0.9925976554336077,CS2
feed as received,2,10,0.6458478146503978,14474.32,0.27263311806994034,0.9474101560391643,CS2
feed as received,2,25,1.4281822889741596,32007.49,0.1828795687401766,0.6162917528440027,CS2
feed as received,2,50,2.4684753676438858,55321.86,0.12327064478229026,0.40074997028311593,CS2
feed as received,2,100,3.9025363748984336,87461.1,-0.026986250226185067,-0.09296288842527459,CS2
feed as received,2,200,5.7227339089351865,128254.18000000001,-0.2536111687001133,-0.7870003368964876,CS2
feed as received,3,10,0.34794739118724477,7797.969999999999,0.28570076866929217,0.7537389630010537,CS2
feed as received,3,25,0.7763036009819989,17398.010000000002,0.1874651114327131,0.46421022912093945,CS2
feed as received,3,50,1.3422936571445292,30082.61,0.0961070559610708,0.2194252386856279,CS2
feed as received,3,100,2.0865599167578845,46762.62,-0.1380606730564648,-0.3072705769537513,CS2
feed as received,3,200,3.0263753258070443,67825.15,-0.4183797886886444,-0.8078536749989126,CS2
feed k s earlier,join,10,1.3714993972830138,30737.149999999998,0.42192574251773407,2.7413456501746207,CS2
feed k s earlier,join,25,3.0762951258112192,68943.92,0.39778219879638055,2.4685756804245598,CS2
feed k s earlier,join,50,5.355711359760344,120028.71,0.3671763869577718,2.149397364382331,CS2
feed k s earlier,join,100,8.726340858446717,195569.05999999997,0.2507786186486816,1.3424682640179055,CS2
feed k s earlier,join,200,13.073368126480995,292991.8,0.09508439434583571,0.4646690333861168,CS2
feed k s earlier,1,10,1.2214281017047979,27373.85,0.30066297392204994,1.6206444722922921,CS2
feed k s earlier,1,25,2.681112735218896,60087.35,0.250719587915959,1.3261931449595963,CS2
feed k s earlier,1,50,4.595730739585416,102996.51999999999,0.2022293187250303,1.0107570050727115,CS2
feed k s earlier,1,100,7.329662252620075,164267.61,0.08322568946090836,0.38767834944222485,CS2
feed k s earlier,1,200,10.811820518889093,242307.46999999997,-0.07714272823066655,-0.3180299287074841,CS2
feed k s earlier,2,10,0.6333322799979036,14193.830000000002,0.4561576918107603,1.678181895846872,CS2
feed k s earlier,2,25,1.3986338652956873,31345.27,0.373988935816672,1.3634064588589498,CS2
feed k s earlier,2,50,2.419467159400382,54223.520000000004,0.33023693565414214,1.1736380754322087,CS2
feed k s earlier,2,100,3.841022894660534,86082.5,0.19349097966934778,0.7153969727051459,CS2
feed k s earlier,2,200,5.637594004944226,126346.08,0.03784488741056276,0.13040466178008198,CS2
feed k s earlier,3,10,0.3356504957725033,7522.380000000001,0.49669130503257997,1.4068474841611716,CS2
feed k s earlier,3,25,0.7497599051137834,16803.13,0.4209200311092754,1.1560337909094398,CS2
feed k s earlier,3,50,1.3004849266584495,29145.620000000003,0.37906336315943806,0.9996580487711549,CS2
feed k s earlier,3,100,2.0364290629588995,45639.119999999995,0.13807850056328683,0.35382128238681315,CS2
feed k s earlier,3,200,2.959477519687593,66325.88,-0.08673930970130618,-0.20268274688387053,CS2
Part 5 model,join,10,0.9695391903203607,21728.68,0.5369464269882082,3.371425651835573,CS2
Part 5 model,join,25,2.1837776307233066,48941.399999999994,0.49908452040384377,2.9409368905184547,CS2
Part 5 model,join,50,3.8305179485903116,85847.07,0.4568367328705474,2.568185357331519,CS2
Part 5 model,join,100,6.231075937342777,139646.81,0.32811470592098463,1.6652298021982472,CS2
Part 5 model,join,200,9.398374068336933,210630.23,0.15162367192165843,0.6848367858637268,CS2
Part 5 model,1,10,1.114268995459523,24972.269999999997,0.2496446530163651,1.632011425456102,CS2
Part 5 model,1,25,2.452689168475623,54968.06999999999,0.20498660533594099,1.2988503389974617,CS2
Part 5 model,1,50,4.198597997751835,94096.23999999999,0.17588621091206508,1.0756074050735427,CS2
Part 5 model,1,100,6.657465286402809,149202.77,0.048426143776622126,0.28537245460446814,CS2
Part 5 model,1,200,9.809254309997366,219838.61,-0.1243366330630501,-0.627999854700454,CS2
Part 5 model,2,10,0.7277322250114738,16309.46,0.4623214292299808,2.453936530850925,CS2
Part 5 model,2,25,1.6117687486872163,36121.91,0.39306452656175106,1.9588098127858304,CS2
Part 5 model,2,50,2.7807082624455095,62319.42,0.33762692957984003,1.6383704712509748,CS2
Part 5 model,2,100,4.402595099612884,98668.09,0.1646404833579021,0.8093551699491299,CS2
Part 5 model,2,200,6.498087990941802,145630.91,-0.05271946681397127,-0.2217085980528227,CS2
Part 5 model,3,10,0.42922853573313424,9619.59,0.5032655202151499,1.9362774693198113,CS2
Part 5 model,3,25,0.9546828772163358,21395.73,0.4029613432560706,1.4921843500688892,CS2
Part 5 model,3,50,1.6525110551360946,37035.0,0.3333951431816785,1.1915576084187278,CS2
Part 5 model,3,100,2.5939216382157966,58133.28,0.08903339564907184,0.3075027124352174,CS2
Part 5 model,3,200,3.8211682208599695,85637.53,-0.20247802231669215,-0.6027004131254063,CS2
tape only,join,50,0.6881271265792387,838680.8999999999,-0.01582280526604721,-0.37417920147356665,MLB
tape only,join,100,1.2260594857032856,1494306.2599999998,-0.05256072882237841,-1.2280308475586867,MLB
tape only,join,250,2.4640708885586267,3003179.37,-0.09480836762538755,-2.1506581050032616,MLB
tape only,join,500,3.986691531287362,4858930.7299999995,-0.13879468391178248,-3.0937310342309634,MLB
tape only,join,1000,6.167561825592157,7516948.69,-0.17462511334053668,-3.4175259138866214,MLB
tape only,join,2000,9.169520980280959,11175699.679999998,-0.2100440419583704,-3.3066066620623737,MLB
tape only,1,50,0.17697591165309043,215696.07,-0.6272411917379858,-3.731639017837205,MLB
tape only,1,100,0.30453788647878044,371167.04000000004,-0.7402093542573177,-3.992261439717299,MLB
tape only,1,250,0.5630290016274114,686212.8399999999,-1.0489436557322362,-4.278477899091186,MLB
tape only,1,500,0.830164796831893,1011794.6699999999,-1.3073268857998632,-4.388414428965757,MLB
tape only,1,1000,1.1553286129437899,1408100.3399999999,-1.574487695954963,-4.654418575116023,MLB
tape only,1,2000,1.5032606021092394,1832155.58,-1.9639114244872153,-4.586842337237469,MLB
tape only,2,50,0.06881644587567802,83872.64,-1.534434709578714,-3.9422000434990982,MLB
tape only,2,100,0.1169310588271551,142514.14,-1.7693179076827044,-4.121499708875988,MLB
tape only,2,250,0.21086632498111937,257001.29,-2.377428786446948,-4.554356527069641,MLB
tape only,2,500,0.3054921707806055,372330.11,-2.7891108108339666,-4.426299320093073,MLB
tape only,2,1000,0.4156920246703229,506640.33999999997,-3.2798462909605663,-4.574593140765614,MLB
tape only,2,2000,0.532274195837387,648729.26,-3.9352004871801216,-4.7126293053009585,MLB
tape only,3,50,0.03443975426933164,41974.75,-2.8107875568049843,-4.354738116567473,MLB
tape only,3,100,0.05851484070742889,71317.17000000001,-3.307996657747357,-4.367150293318761,MLB
tape only,3,250,0.10551045650781869,128594.84999999999,-4.201597575641637,-4.4931817287304785,MLB
tape only,3,500,0.15206412496511215,185333.88999999998,-4.822641476958153,-4.574277505561576,MLB
tape only,3,1000,0.20721181658503834,252547.22,-5.6431492692732865,-4.979128817307959,MLB
tape only,3,2000,0.2697308656311836,328744.67000000004,-6.703694374725526,-5.361857758009975,MLB
feed as received,join,50,0.5865618279306276,714894.36,0.04568388506661782,1.0309461066587429,MLB
feed as received,join,100,1.0464666130191682,1275420.67,0.01361398463999805,0.30514464972132943,MLB
feed as received,join,250,2.1129474576863445,2575234.44,-0.02668042991114515,-0.5432223641844253,MLB
feed as received,join,500,3.4428301003408177,4196079.09,-0.07129160064711823,-1.3676344699017098,MLB
feed as received,join,1000,5.3695666256206165,6544361.93,-0.10632008032924772,-1.697640668837596,MLB
feed as received,join,2000,8.05143644914442,9812991.970000003,-0.15106906017791163,-1.9240191715617032,MLB
feed as received,1,50,0.12120866177858702,147727.63,-0.46306032933717267,-2.3215342987757634,MLB
feed as received,1,100,0.20750394292551808,252903.25999999998,-0.58681523124692,-2.581182512225086,MLB
feed as received,1,250,0.38372494871947693,467679.26,-0.90432135049136,-3.4049432946846165,MLB
feed as received,1,500,0.5688928611098875,693359.6399999999,-1.1848037261009308,-3.667805525147841,MLB
feed as received,1,1000,0.7999716885236936,974995.6799999999,-1.4768855180978857,-3.9593244264888545,MLB
feed as received,1,2000,1.0544752430233295,1285181.49,-1.962283902797262,-4.298538207994412,MLB
feed as received,2,50,0.04151268401169691,50595.15,-1.6105551619078113,-3.3755662893051577,MLB
feed as received,2,100,0.07062315917119659,86074.64,-1.8604917197446318,-3.6941868131707034,MLB
feed as received,2,250,0.12803478890547,156047.22999999998,-2.402203358560097,-3.9798643569927457,MLB
feed as received,2,500,0.18742071649048891,228426.07,-2.919482242110106,-4.0554873192331895,MLB
feed as received,2,1000,0.25680539092784327,312991.25999999995,-3.5125602389025166,-4.323235271878118,MLB
feed as received,2,2000,0.32855489061252274,400438.67000000004,-4.374291998322738,-4.909538268669633,MLB
feed as received,3,50,0.01934787279108026,23580.95,-3.0826868722422116,-3.590680406622473,MLB
feed as received,3,100,0.033112591255298876,40357.22,-3.437430526681471,-3.5967727327618624,MLB
feed as received,3,250,0.06075173555646263,74043.47,-4.256879438524424,-4.030140835537067,MLB
feed as received,3,500,0.08910139734741757,108595.69,-5.050097292074851,-4.271228814070898,MLB
feed as received,3,1000,0.12395894381024516,151079.64,-5.936634016337343,-4.784212849834811,MLB
feed as received,3,2000,0.1646849937143374,200716.05,-6.98367671643598,-5.239521002008735,MLB
feed k s earlier,join,50,0.5864276946474525,714730.8799999999,0.052761946411609216,1.1731829559475104,MLB
feed k s earlier,join,100,1.046545724416059,1275517.0899999999,0.022483915667868115,0.4963090553704814,MLB
feed k s earlier,join,250,2.1147729683486207,2577459.35,-0.01750340846696983,-0.35674430896042336,MLB
feed k s earlier,join,500,3.445968144726455,4199903.7,-0.05950416131763328,-1.1622638996797037,MLB
feed k s earlier,join,1000,5.375927495356844,6552114.48,-0.08793504946516935,-1.4753628638722174,MLB
feed k s earlier,join,2000,8.06707527574071,9832052.379999999,-0.13154821973164466,-1.7737365935979323,MLB
feed k s earlier,1,50,0.12038658261450351,146725.69,-0.4251926162350982,-2.13559705925408,MLB
feed k s earlier,1,100,0.20620139453404007,251315.72999999998,-0.5450829918206869,-2.4154488314503078,MLB
feed k s earlier,1,250,0.3815071794321682,464976.27,-0.853110299585826,-3.237167696167532,MLB
feed k s earlier,1,500,0.5652739782775175,688948.99,-1.1119905843827418,-3.3904471704440695,MLB
feed k s earlier,1,1000,0.7956274127646351,969700.93,-1.38771086875208,-3.758139517582675,MLB
feed k s earlier,1,2000,1.0503886495429224,1280200.8,-1.8534838675307819,-4.244524758231337,MLB
feed k s earlier,2,50,0.04081400615535455,49743.61,-1.5217120349729343,-3.065394111558577,MLB
feed k s earlier,2,100,0.06955133184179842,84768.31,-1.7772596268581982,-3.4438254811184903,MLB
feed k s earlier,2,250,0.12631180635100853,153947.28000000003,-2.326102513795632,-3.8986181503384576,MLB
feed k s earlier,2,500,0.1846957382908171,225104.90000000002,-2.807321031217002,-3.958121072477043,MLB
feed k s earlier,2,1000,0.25322800834910053,308631.19000000006,-3.3529889509870987,-4.367245521475247,MLB
feed k s earlier,2,2000,0.32493400579085135,396025.57999999996,-4.076098354555784,-5.241261728590318,MLB
feed k s earlier,3,50,0.018875066916174455,23004.7,-2.9650193221385193,-3.361856855763321,MLB
feed k s earlier,3,100,0.03231982810667807,39391.01,-3.3238716143607383,-3.412530792946849,MLB
feed k s earlier,3,250,0.05905666598397821,71977.54000000001,-4.135803404784327,-3.8680795317839394,MLB
feed k s earlier,3,500,0.08673454549616896,105711.00000000001,-4.881620976057364,-4.206228601637408,MLB
feed k s earlier,3,1000,0.12031160647420175,146634.31,-5.663461027640802,-4.982089393699248,MLB
feed k s earlier,3,2000,0.1592242643151889,194060.58,-6.50082404680023,-5.8956775912251,MLB
Part 5 model,join,50,0.3343287098056934,407475.73,0.022687544493629995,0.37264749877460823,MLB
Part 5 model,join,100,0.5979877798279326,728820.17,0.01654015864420872,0.2794277789645132,MLB
Part 5 model,join,250,1.224930380147203,1492930.1199999999,-0.008025301333834488,-0.15090000364105907,MLB
Part 5 model,join,500,2.0312819655103587,2475701.54,-0.04356445046258053,-0.8451815089348186,MLB
Part 5 model,join,1000,3.236882367697079,3945072.5200000005,-0.07155208234526578,-1.3387795195344652,MLB
Part 5 model,join,2000,4.937905167153595,6018258.24,-0.10890809725140434,-1.776478446648654,MLB
Part 5 model,1,50,0.028651543726840572,34920.149999999994,-0.8187142666912944,-2.8966651596597677,MLB
Part 5 model,1,100,0.04914955116653985,59902.869999999995,-0.8795443356887579,-2.678918624470585,MLB
Part 5 model,1,250,0.09211981466743878,112274.5,-1.0800264530236166,-2.6594540253200716,MLB
Part 5 model,1,500,0.1402737289662616,170963.90000000002,-1.3574264800931664,-3.1294568084412866,MLB
Part 5 model,1,1000,0.20679431976701307,252038.38,-1.6977672011699176,-3.6341718109318992,MLB
Part 5 model,1,2000,0.2862885724971928,348925.0,-2.2055255427384117,-3.938726665527348,MLB
Part 5 model,2,50,0.006905082631164434,8415.83,-2.6139079567909516,-2.67224893760428,MLB
Part 5 model,2,100,0.01175085671015346,14321.8,-2.897097781005181,-2.6132108072603453,MLB
Part 5 model,2,250,0.021618350190152857,26348.18,-3.625061768972278,-2.769245454746469,MLB
Part 5 model,2,500,0.03309417131275373,40334.77,-4.398807406116361,-3.1817563801370796,MLB
Part 5 model,2,1000,0.04767853209342294,58110.01,-5.075450253751461,-3.5339601431292507,MLB
Part 5 model,2,2000,0.06455218404967075,78675.41,-5.785679413682116,-3.591717806009223,MLB
Part 5 model,3,50,0.0032277318653526023,3933.92,-4.381240594623174,-2.731186078638058,MLB
Part 5 model,3,100,0.00551013915149007,6715.69,-4.815856598502909,-2.595591880486054,MLB
Part 5 model,3,250,0.010132543735668936,12349.420000000002,-5.799827441288741,-2.8511446360964317,MLB
Part 5 model,3,500,0.01551278331906341,18906.79,-6.743181153437469,-3.4385739439127185,MLB
Part 5 model,3,1000,0.024460707319914125,29812.41,-7.249156978587103,-4.069975685293203,MLB
Part 5 model,3,2000,0.03470864440611971,42302.469999999994,-8.031682901731267,-4.260852633049968,MLB
