sport,version,h,quoting both sides,quoting one side,quoting neither,any side pulled by a rule,fillable (on or inside the touch),no usable touch / price < 3% or > 97%
CS2,tape only,join (≈0.5c),0.6365596966913625,0.0,0.3634403033086376,0.0,0.6365596966913625,0.3634403033086376
CS2,tape only,1c,0.6365596966913625,0.0,0.3634403033086376,0.0,0.47608450236909294,0.3634403033086376
CS2,feed as received,join (≈0.5c),0.3081682116686426,0.194403194937303,0.49742859339405443,0.13398829008541682,0.5025714066059456,0.3634403033086376
CS2,feed as received,1c,0.5025714066059456,0.0,0.49742859339405443,0.13398829008541682,0.4495328577613589,0.3634403033086376
CS2,feed k s earlier,join (≈0.5c),0.307354910759445,0.19500204336795596,0.49764304587259905,0.13420274256396147,0.502356954127401,0.3634403033086376
CS2,feed k s earlier,1c,0.502356954127401,0.0,0.49764304587259905,0.13420274256396147,0.4496178294981407,0.3634403033086376
CS2,Part 5 model,join (≈0.5c),0.15389595413144724,0.3433020016913422,0.5028020441772105,0.21327096677605092,0.4971979558227894,0.3634403033086376
CS2,Part 5 model,1c,0.3148769326012276,0.18769447400471795,0.49742859339405443,0.31930355546024336,0.45540400014566584,0.3634403033086376
MLB,tape only,join (≈0.5c),0.6982570635697816,0.05713740446074091,0.24460553196947749,0.0,0.7553944680305225,0.24460553196947749
MLB,tape only,1c,0.755391339442423,3.128588099476587e-06,0.24460553196947749,0.0,0.08806349782406697,0.24460553196947749
MLB,feed as received,join (≈0.5c),0.6757406150178485,0.04970387913638454,0.2745555058457669,0.02994997387628937,0.7254444941542332,0.24460553196947749
MLB,feed as received,1c,0.7254444941542332,0.0,0.2745555058457669,0.02994997387628937,0.07421949548388308,0.24460553196947749
MLB,feed k s earlier,join (≈0.5c),0.6756999433725553,0.049710136312583496,0.2745899203148611,0.02998438834538361,0.7254100796851389,0.24460553196947749
MLB,feed k s earlier,1c,0.7254100796851389,0.0,0.2745899203148611,0.02998438834538361,0.07413815219329668,0.24460553196947749
MLB,Part 5 model,join (≈0.5c),0.6097586919998874,0.03928880935322698,0.35095249864688566,0.10634696667740816,0.6490475013531144,0.24460553196947749
MLB,Part 5 model,1c,0.6490475013531144,0.0,0.35095249864688566,0.10634696667740816,0.03930445229372437,0.24460553196947749
