kalshi_event,sport_guess,side_tickers,est_start_utc,num_quote_polls,num_quote_changes,num_trades,first_seen_utc,last_seen_utc
KXCS2GAME-26AUG261430WAVEMIS,CounterStrike,MIS/WAVE,2026-08-26T18:30:00+00:00,40504,252,40,2026-08-28T06:46:47.023561+00:00,2026-08-28T18:30:45.337969+00:00
KXCS2GAME-26AUG280400EJWBT,CounterStrike,EJ/WBT,2026-08-28T08:00:00+00:00,33764,488,254,2026-08-28T06:46:47.023561+00:00,2026-08-28T16:34:23.761994+00:00
KXCS2GAME-26AUG280400EXRSASHI,CounterStrike,EXR/SASHI,2026-08-28T08:00:00+00:00,18788,622,2314,2026-08-28T06:46:47.023561+00:00,2026-08-28T12:11:40.022684+00:00
KXCS2GAME-26AUG280400FAZEUNEAC,CounterStrike,EAC/FAZEUN,2026-08-28T08:00:00+00:00,19350,676,1111,2026-08-28T06:46:47.023561+00:00,2026-08-28T12:21:40.197482+00:00
KXCS2GAME-26AUG280400G1EXR,CounterStrike,EXR/G1,2026-08-28T08:00:00+00:00,15880,591,1248,2026-08-28T06:46:47.023561+00:00,2026-08-28T11:21:34.949171+00:00
KXCS2GAME-26AUG280400REVWAL,CounterStrike,REV/WAL,2026-08-28T08:00:00+00:00,44562,639,351,2026-08-28T06:46:47.023561+00:00,2026-08-28T19:41:07.705688+00:00
KXCS2GAME-26AUG280400SSINSWBT,CounterStrike,SSINS/WBT,2026-08-28T08:00:00+00:00,19350,627,203,2026-08-28T06:46:47.023561+00:00,2026-08-28T12:21:40.197482+00:00
KXCS2GAME-26AUG280500DENAUR,CounterStrike,AUR/DEN,2026-08-28T09:00:00+00:00,19924,353,1001,2026-08-28T06:46:47.023561+00:00,2026-08-28T12:31:40.174596+00:00
KXCS2GAME-26AUG280500GRORSTR,CounterStrike,GRO/RSTR,2026-08-28T09:00:00+00:00,19924,356,382,2026-08-28T06:46:47.023561+00:00,2026-08-28T12:31:40.174596+00:00
KXCS2GAME-26AUG280500MANDLORG,CounterStrike,MANDL/ORG,2026-08-28T09:00:00+00:00,18788,250,187,2026-08-28T06:46:47.023561+00:00,2026-08-28T12:11:40.022684+00:00
KXCS2GAME-26AUG280500MFTHU,CounterStrike,MF/THU,2026-08-28T09:00:00+00:00,19350,126,218,2026-08-28T06:46:47.023561+00:00,2026-08-28T12:21:40.197482+00:00
KXCS2GAME-26AUG280500SPARTA1WIN,CounterStrike,1WIN/SPARTA,2026-08-28T09:00:00+00:00,20492,525,671,2026-08-28T06:46:47.023561+00:00,2026-08-28T12:41:43.022133+00:00
KXCS2GAME-26AUG280630PHACQUB,CounterStrike,PHAC/QUB,2026-08-28T10:30:00+00:00,22776,708,739,2026-08-28T06:46:47.023561+00:00,2026-08-28T13:21:47.676888+00:00
KXCS2GAME-26AUG280700BWMZP,CounterStrike,BW/MZP,2026-08-28T11:00:00+00:00,21648,500,650,2026-08-28T06:46:47.023561+00:00,2026-08-28T13:01:44.127228+00:00
KXCS2GAME-26AUG280700EXZOG,CounterStrike,EXZ/OG,2026-08-28T11:00:00+00:00,22200,425,731,2026-08-28T06:46:47.023561+00:00,2026-08-28T13:11:47.967764+00:00
KXCS2GAME-26AUG280700G2ASTA,CounterStrike,G2A/STA,2026-08-28T11:00:00+00:00,24398,727,665,2026-08-28T06:46:47.023561+00:00,2026-08-28T13:51:57.424905+00:00
KXCS2GAME-26AUG280700HSCOL,CounterStrike,COL/HS,2026-08-28T11:00:00+00:00,22200,305,151,2026-08-28T06:46:47.023561+00:00,2026-08-28T13:11:47.967764+00:00
KXCS2GAME-26AUG280700ILLMIS,CounterStrike,ILL/MIS,2026-08-28T11:00:00+00:00,29600,1163,1610,2026-08-28T06:46:47.023561+00:00,2026-08-28T15:22:13.924965+00:00
KXCS2GAME-26AUG280730TSG2,CounterStrike,G2/TS,2026-08-28T11:30:00+00:00,24980,278,1543,2026-08-28T06:46:47.023561+00:00,2026-08-28T14:01:57.892073+00:00
KXCS2GAME-26AUG280800RUNBLA,CounterStrike,BLA/RUN,2026-08-28T12:00:00+00:00,24398,405,432,2026-08-28T06:46:47.023561+00:00,2026-08-28T13:51:57.424905+00:00
KXCS2GAME-26AUG280830WINGTSA,CounterStrike,TSA/WING,2026-08-28T12:30:00+00:00,9072,76,40,2026-08-28T12:00:40.877968+00:00,2026-08-28T14:41:08.831647+00:00
KXCS2GAME-26AUG280900ALKAAODK,CounterStrike,ALKAA/ODK,2026-08-28T13:00:00+00:00,26698,172,230,2026-08-28T06:46:47.023561+00:00,2026-08-28T14:32:09.128420+00:00
KXCS2GAME-26AUG280900JSVA,CounterStrike,JS/VA,2026-08-28T13:00:00+00:00,28958,769,1028,2026-08-28T06:46:47.023561+00:00,2026-08-28T15:11:12.744720+00:00
KXCS2GAME-26AUG280900NEXCW,CounterStrike,CW/NEX,2026-08-28T13:00:00+00:00,33020,1180,621,2026-08-28T06:46:47.023561+00:00,2026-08-28T16:21:19.481942+00:00
KXCS2GAME-26AUG280900NOTAE,CounterStrike,AE/NOT,2026-08-28T13:00:00+00:00,27214,418,200,2026-08-28T06:46:47.023561+00:00,2026-08-28T14:41:08.831647+00:00
KXCS2GAME-26AUG280900RATHE,CounterStrike,RA/THE,2026-08-28T13:00:00+00:00,35326,1363,5960,2026-08-28T06:46:47.023561+00:00,2026-08-28T17:01:31.217421+00:00
KXCS2GAME-26AUG2810009INERUN,CounterStrike,9INE/RUN,2026-08-28T14:00:00+00:00,29540,292,541,2026-08-28T06:46:47.160552+00:00,2026-08-28T15:21:12.423840+00:00
KXCS2GAME-26AUG281000HAVUEXZ,CounterStrike,EXZ/HAVU,2026-08-28T14:00:00+00:00,41708,895,2441,2026-08-28T06:46:47.160552+00:00,2026-08-28T18:51:45.729908+00:00
KXCS2GAME-26AUG281000INNSPARTA,CounterStrike,INN/SPARTA,2026-08-28T14:00:00+00:00,35908,860,758,2026-08-28T06:46:47.160552+00:00,2026-08-28T17:11:33.321210+00:00
KXCS2GAME-26AUG281000LAVINOX,CounterStrike,INOX/LAV,2026-08-28T14:00:00+00:00,33644,423,549,2026-08-28T06:46:47.160552+00:00,2026-08-28T16:32:24.109840+00:00
KXCS2GAME-26AUG281000LEOPHA,CounterStrike,LEO/PHA,2026-08-28T14:00:00+00:00,35908,662,1429,2026-08-28T06:46:47.160552+00:00,2026-08-28T17:11:33.321210+00:00
KXCS2GAME-26AUG281000PAINNAVI,CounterStrike,NAVI/PAIN,2026-08-28T14:00:00+00:00,33644,381,2229,2026-08-28T06:46:47.160552+00:00,2026-08-28T16:32:24.109840+00:00
KXCS2GAME-26AUG281100EXRJUS,CounterStrike,EXR/JUS,2026-08-28T15:00:00+00:00,25312,731,409,2026-08-28T11:10:37.386612+00:00,2026-08-28T18:31:44.286206+00:00
KXCS2GAME-26AUG281100NTRNEMI,CounterStrike,NEMI/NTR,2026-08-28T15:00:00+00:00,36494,636,783,2026-08-28T06:46:47.160552+00:00,2026-08-28T17:21:33.982465+00:00
KXCS2GAME-26AUG281200BKGRE,CounterStrike,BK/GRE,2026-08-28T16:00:00+00:00,31854,150,298,2026-08-28T06:46:47.160552+00:00,2026-08-28T16:01:17.065747+00:00
KXCS2GAME-26AUG281200OLDSPI,CounterStrike,OLD/SPI,2026-08-28T16:00:00+00:00,33018,334,10,2026-08-28T06:46:47.160552+00:00,2026-08-28T16:21:19.481942+00:00
KXCS2GAME-26AUG281230FURIAM80,CounterStrike,FURIA/M80,2026-08-28T16:30:00+00:00,43442,393,2631,2026-08-28T06:46:47.160552+00:00,2026-08-28T19:21:57.917344+00:00
KXCS2GAME-26AUG281300B8AEXS,CounterStrike,B8A/EXS,2026-08-28T17:00:00+00:00,39980,870,245,2026-08-28T06:46:47.160552+00:00,2026-08-28T18:21:43.677955+00:00
KXCS2GAME-26AUG281300BENNPG,CounterStrike,BEN/NPG,2026-08-28T17:00:00+00:00,7792,178,53,2026-08-28T06:46:47.160552+00:00,2026-08-28T09:02:10.666470+00:00
KXCS2GAME-26AUG281300BLAUPG,CounterStrike,BLA/UPG,2026-08-28T17:00:00+00:00,47466,923,1431,2026-08-28T06:46:47.160552+00:00,2026-08-28T20:31:22.109700+00:00
KXCS2GAME-26AUG281300BOJSPI,CounterStrike,BOJ/SPI,2026-08-28T17:00:00+00:00,37656,369,101,2026-08-28T06:46:47.160552+00:00,2026-08-28T17:41:36.217121+00:00
KXCS2GAME-26AUG281300BWSIN,CounterStrike,BW/SIN,2026-08-28T17:00:00+00:00,46990,630,1648,2026-08-28T06:46:47.160552+00:00,2026-08-28T20:23:11.579224+00:00
KXCS2GAME-26AUG281300DRAMALFOUK,CounterStrike,DRAMA/LFOUK,2026-08-28T17:00:00+00:00,37654,240,58,2026-08-28T06:46:47.160552+00:00,2026-08-28T17:41:36.217121+00:00
KXCS2GAME-26AUG281300MAIPERM,CounterStrike,MAI/PERM,2026-08-28T17:00:00+00:00,48052,1127,490,2026-08-28T06:46:47.160552+00:00,2026-08-28T20:41:25.513150+00:00
KXCS2GAME-26AUG281300RUNG2A,CounterStrike,G2A/RUN,2026-08-28T17:00:00+00:00,15978,901,1898,2026-08-28T16:05:20.967088+00:00,2026-08-28T20:41:25.513150+00:00
KXCS2GAME-26AUG281330DONFORZER,CounterStrike,DON/FORZER,2026-08-28T17:30:00+00:00,33962,1035,179,2026-08-28T11:10:37.386612+00:00,2026-08-28T21:01:33.208422+00:00
KXCS2GAME-26AUG281430BSTAALKAA,CounterStrike,ALKAA/BSTA,2026-08-28T18:30:00+00:00,45762,621,164,2026-08-28T06:46:47.160552+00:00,2026-08-28T20:02:09.926146+00:00
KXCS2GAME-26AUG281500PROPLD,CounterStrike,PLD/PRO,2026-08-28T19:00:00+00:00,48052,269,269,2026-08-28T06:46:47.160552+00:00,2026-08-28T20:41:25.513150+00:00
KXCS2GAME-26AUG281700EXMODK,CounterStrike,EXM/ODK,2026-08-28T21:00:00+00:00,61332,749,1964,2026-08-28T06:46:47.160552+00:00,2026-08-29T00:31:15.563651+00:00
KXCS2GAME-26AUG281700GLSFLU,CounterStrike,FLU/GLS,2026-08-28T21:00:00+00:00,59008,507,949,2026-08-28T06:46:47.160552+00:00,2026-08-28T23:51:01.131118+00:00
KXCS2GAME-26AUG281700IMPSHIN,CounterStrike,IMP/SHIN,2026-08-28T21:00:00+00:00,56176,284,399,2026-08-28T06:46:47.160552+00:00,2026-08-28T23:01:48.098513+00:00
KXCS2GAME-26AUG281700ISGTDP,CounterStrike,ISG/TDP,2026-08-28T21:00:00+00:00,59592,625,1827,2026-08-28T06:46:47.160552+00:00,2026-08-29T00:01:12.338763+00:00
KXCS2GAME-26AUG281800BSTACHAMA,CounterStrike,BSTA/CHAMA,2026-08-28T22:00:00+00:00,65330,908,2899,2026-08-28T06:46:47.160552+00:00,2026-08-29T01:41:27.913959+00:00
KXCS2GAME-26AUG282030BODDTN,CounterStrike,BOD/DTN,2026-08-29T00:30:00+00:00,4530,19,33,2026-08-29T00:02:14.510899+00:00,2026-08-29T01:21:25.940599+00:00
KXCS2GAME-26AUG282030FRIAURA,CounterStrike,AURA/FRI,2026-08-29T00:30:00+00:00,16634,167,408,2026-08-29T00:02:14.510899+00:00,2026-08-29T04:51:14.638219+00:00
KXCS2GAME-26AUG282030LANREGAIN,CounterStrike,LAN/REGAIN,2026-08-29T00:30:00+00:00,14320,108,49,2026-08-29T00:02:14.510899+00:00,2026-08-29T04:11:09.540383+00:00
KXCS2GAME-26AUG282030REDELU,CounterStrike,ELU/RED,2026-08-29T00:30:00+00:00,4530,11,42,2026-08-29T00:02:14.510899+00:00,2026-08-29T01:21:25.940599+00:00
KXCS2GAME-26AUG282100IOWEMP,CounterStrike,EMP/IOW,2026-08-29T01:00:00+00:00,73468,1049,1268,2026-08-28T06:46:47.282106+00:00,2026-08-29T04:02:08.714565+00:00
KXCS2GAME-26AUG282100MARCHI,CounterStrike,CHI/MAR,2026-08-29T01:00:00+00:00,69994,304,666,2026-08-28T06:46:47.282106+00:00,2026-08-29T03:01:52.676676+00:00
KXCS2GAME-26AUG282100OTVOC,CounterStrike,OT/VOC,2026-08-29T01:00:00+00:00,73466,738,1759,2026-08-28T06:46:47.282106+00:00,2026-08-29T04:02:08.714565+00:00
KXCS2GAME-26AUG282100ZOMBELU,CounterStrike,ELU/ZOMB,2026-08-29T01:00:00+00:00,63082,704,63,2026-08-28T06:46:47.282106+00:00,2026-08-29T01:01:16.945996+00:00
KXCS2GAME-26AUG282330REDBOD,CounterStrike,BOD/RED,2026-08-29T03:30:00+00:00,14248,34,31,2026-08-29T03:05:56.227636+00:00,2026-08-29T07:13:21.752870+00:00
KXCS2GAME-26AUG290130FRILAN,CounterStrike,FRI/LAN,2026-08-29T05:30:00+00:00,6154,35,1,2026-08-29T05:26:22.642397+00:00,2026-08-29T07:13:21.752870+00:00
KXCS2GAME-26AUG290400EACLAV,CounterStrike,EAC/LAV,2026-08-29T08:00:00+00:00,84478,952,52,2026-08-28T06:46:47.282106+00:00,2026-08-29T07:13:21.752870+00:00
KXCS2GAME-26AUG290400ENTEXR,CounterStrike,ENT/EXR,2026-08-29T08:00:00+00:00,84478,320,27,2026-08-28T06:46:47.282106+00:00,2026-08-29T07:13:21.752870+00:00
KXCS2GAME-26AUG290400EXSB8A,CounterStrike,B8A/EXS,2026-08-29T08:00:00+00:00,84478,1185,25,2026-08-28T06:46:47.282106+00:00,2026-08-29T07:13:21.752870+00:00
KXCS2GAME-26AUG290400G1ACE,CounterStrike,ACE/G1,2026-08-29T08:00:00+00:00,81072,752,113,2026-08-28T07:45:59.969164+00:00,2026-08-29T07:13:21.752870+00:00
KXCS2GAME-26AUG290400HSUPG,CounterStrike,HS/UPG,2026-08-29T08:00:00+00:00,27208,452,33,2026-08-28T23:20:52.095457+00:00,2026-08-29T07:13:21.752870+00:00
KXCS2GAME-26AUG290400NEMIG1,CounterStrike,G1/NEMI,2026-08-29T08:00:00+00:00,45414,66,0,2026-08-28T06:46:47.282106+00:00,2026-08-28T19:56:10.359375+00:00
KXCS2GAME-26AUG290400WALNPG,CounterStrike,NPG/WAL,2026-08-29T08:00:00+00:00,35616,347,20,2026-08-28T20:55:35.521423+00:00,2026-08-29T07:13:21.752870+00:00
KXCS2GAME-26AUG2905009ZVIT,CounterStrike,9Z/VIT,2026-08-29T09:00:00+00:00,84472,25,312,2026-08-28T06:46:47.282106+00:00,2026-08-29T07:13:21.752870+00:00
KXCS2GAME-26AUG290500ARCMF,CounterStrike,ARC/MF,2026-08-29T09:00:00+00:00,52394,358,15,2026-08-28T16:05:21.260316+00:00,2026-08-29T07:13:21.752870+00:00
KXCS2GAME-26AUG290500FORZERCOL,CounterStrike,COL/FORZER,2026-08-29T09:00:00+00:00,84474,677,63,2026-08-28T06:46:47.282106+00:00,2026-08-29T07:13:21.752870+00:00
KXCS2GAME-26AUG290500MANDLRSTR,CounterStrike,MANDL/RSTR,2026-08-29T09:00:00+00:00,52392,332,11,2026-08-28T16:05:21.260316+00:00,2026-08-29T07:13:21.752870+00:00
KXCS2GAME-26AUG290500MFMANDL,CounterStrike,MANDL/MF,2026-08-29T09:00:00+00:00,24156,40,0,2026-08-28T12:55:46.130709+00:00,2026-08-28T19:57:09.294001+00:00
KXCS2GAME-26AUG290600JUSTSA,CounterStrike,JUS/TSA,2026-08-29T10:00:00+00:00,39346,430,26,2026-08-28T19:51:10.972007+00:00,2026-08-29T07:13:21.752870+00:00
KXCS2GAME-26AUG290630PHACFAZEUN,CounterStrike,FAZEUN/PHAC,2026-08-29T10:30:00+00:00,59256,469,20,2026-08-28T14:06:01.291317+00:00,2026-08-29T07:13:21.752870+00:00
KXCS2GAME-26AUG2907009INESTA,CounterStrike,9INE/STA,2026-08-29T11:00:00+00:00,52390,254,0,2026-08-28T16:05:21.260316+00:00,2026-08-29T07:13:21.752870+00:00
KXCS2GAME-26AUG290700BTFEXR,CounterStrike,BTF/EXR,2026-08-29T11:00:00+00:00,27208,422,4,2026-08-28T23:20:52.095457+00:00,2026-08-29T07:13:21.752870+00:00
KXCS2GAME-26AUG290700BWEJ,CounterStrike,BW/EJ,2026-08-29T11:00:00+00:00,58970,567,47,2026-08-28T14:11:02.194135+00:00,2026-08-29T07:13:21.752870+00:00
KXCS2GAME-26AUG290700INOXACE,CounterStrike,ACE/INOX,2026-08-29T11:00:00+00:00,45526,13,0,2026-08-28T06:46:47.282106+00:00,2026-08-28T19:58:09.156595+00:00
KXCS2GAME-26AUG290700INOXEXR,CounterStrike,EXR/INOX,2026-08-29T11:00:00+00:00,65732,404,47,2026-08-28T12:10:42.296844+00:00,2026-08-29T07:13:21.752870+00:00
KXCS2GAME-26AUG290700UNITYBW,CounterStrike,BW/UNITY,2026-08-29T11:00:00+00:00,84464,132,78,2026-08-28T06:46:47.282106+00:00,2026-08-29T07:13:21.752870+00:00
KXCS2GAME-26AUG290730MOUZICE,CounterStrike,ICE/MOUZ,2026-08-29T11:30:00+00:00,84468,76,111,2026-08-28T06:46:47.282106+00:00,2026-08-29T07:13:21.752870+00:00
KXCS2GAME-26AUG290800XCIUPG,CounterStrike,UPG/XCI,2026-08-29T12:00:00+00:00,84468,704,12,2026-08-28T06:46:47.282106+00:00,2026-08-29T07:13:21.752870+00:00
KXCS2GAME-26AUG290830DONTRI,CounterStrike,DON/TRI,2026-08-29T12:30:00+00:00,30988,238,40,2026-08-28T22:15:45.924604+00:00,2026-08-29T07:13:21.752870+00:00
KXCS2GAME-26AUG290900CWJS,CounterStrike,CW/JS,2026-08-29T13:00:00+00:00,48390,421,33,2026-08-28T17:14:35.279666+00:00,2026-08-29T07:13:21.752870+00:00
KXCS2GAME-26AUG290900THEAE,CounterStrike,AE/THE,2026-08-29T13:00:00+00:00,44262,303,11,2026-08-28T18:25:46.735218+00:00,2026-08-29T07:13:21.752870+00:00
KXCS2GAME-26AUG291000HONSPARTA,CounterStrike,HON/SPARTA,2026-08-29T14:00:00+00:00,27208,439,35,2026-08-28T23:20:52.408473+00:00,2026-08-29T07:13:21.752870+00:00
KXCS2GAME-26AUG291000LVGFUT,CounterStrike,FUT/LVG,2026-08-29T14:00:00+00:00,84468,41,102,2026-08-28T06:46:47.282106+00:00,2026-08-29T07:13:21.833373+00:00
KXCS2GAME-26AUG291000SAWYATR,CounterStrike,ATR/SAWY,2026-08-29T14:00:00+00:00,84468,349,145,2026-08-28T06:46:47.282106+00:00,2026-08-29T07:13:21.833373+00:00
KXCS2GAME-26AUG291000SINEXZ,CounterStrike,EXZ/SIN,2026-08-29T14:00:00+00:00,34734,536,101,2026-08-28T21:10:37.203181+00:00,2026-08-29T07:13:21.833373+00:00
KXCS2GAME-26AUG291000STAEXZ,CounterStrike,EXZ/STA,2026-08-29T14:00:00+00:00,84468,492,15,2026-08-28T06:46:47.282106+00:00,2026-08-29T07:13:21.833373+00:00
KXCS2GAME-26AUG291030MAKWG,CounterStrike,MAK/WG,2026-08-29T14:30:00+00:00,24818,415,0,2026-08-29T00:02:14.668733+00:00,2026-08-29T07:13:21.833373+00:00
KXCS2GAME-26AUG291030PENTEN,CounterStrike,PEN/TEN,2026-08-29T14:30:00+00:00,24818,520,0,2026-08-29T00:02:14.668733+00:00,2026-08-29T07:13:21.833373+00:00
KXCS2GAME-26AUG291030ULTSKY,CounterStrike,SKY/ULT,2026-08-29T14:30:00+00:00,24818,614,0,2026-08-29T00:02:14.668733+00:00,2026-08-29T07:13:21.833373+00:00
KXCS2GAME-26AUG291030VILNT,CounterStrike,NT/VIL,2026-08-29T14:30:00+00:00,24818,134,0,2026-08-29T00:02:14.668733+00:00,2026-08-29T07:13:21.833373+00:00
KXCS2GAME-26AUG291100EXRK27,CounterStrike,EXR/K27,2026-08-29T15:00:00+00:00,84468,462,10,2026-08-28T06:46:47.282106+00:00,2026-08-29T07:13:21.833373+00:00
KXCS2GAME-26AUG291100FORZEREXR,CounterStrike,EXR/FORZER,2026-08-29T15:00:00+00:00,30984,203,17,2026-08-28T22:15:45.924604+00:00,2026-08-29T07:13:21.833373+00:00
KXCS2GAME-26AUG291200BKMEI,CounterStrike,BK/MEI,2026-08-29T16:00:00+00:00,6788,3,0,2026-08-29T05:15:21.855580+00:00,2026-08-29T07:13:21.833373+00:00
KXCS2GAME-26AUG291230FALLGC,CounterStrike,FAL/LGC,2026-08-29T16:30:00+00:00,84468,17,186,2026-08-28T06:46:47.282106+00:00,2026-08-29T07:13:21.833373+00:00
KXCS2GAME-26AUG291300INOXSASHI,CounterStrike,INOX/SASHI,2026-08-29T17:00:00+00:00,48384,334,64,2026-08-28T17:14:35.279666+00:00,2026-08-29T07:13:21.833373+00:00
KXCS2GAME-26AUG291300NOIHON,CounterStrike,HON/NOI,2026-08-29T17:00:00+00:00,84468,448,27,2026-08-28T06:46:47.282106+00:00,2026-08-29T07:13:21.833373+00:00
KXCS2GAME-26AUG291300PHANEMI,CounterStrike,NEMI/PHA,2026-08-29T17:00:00+00:00,44256,144,14,2026-08-28T18:25:46.735218+00:00,2026-08-29T07:13:21.833373+00:00
KXCS2GAME-26AUG291500ZETPRO,CounterStrike,PRO/ZET,2026-08-29T19:00:00+00:00,6154,2,0,2026-08-29T05:26:22.811184+00:00,2026-08-29T07:13:21.833373+00:00
KXCS2GAME-26AUG291700EXMFLU,CounterStrike,EXM/FLU,2026-08-29T21:00:00+00:00,22844,39,0,2026-08-29T00:36:17.648829+00:00,2026-08-29T07:13:21.833373+00:00
KXCS2GAME-26AUG291700ISGSHIN,CounterStrike,ISG/SHIN,2026-08-29T21:00:00+00:00,22844,221,0,2026-08-29T00:36:17.648829+00:00,2026-08-29T07:13:21.833373+00:00
KXCS2GAME-26AUG292100CHIZOMB,CounterStrike,CHI/ZOMB,2026-08-30T01:00:00+00:00,10724,75,0,2026-08-29T04:07:12.161057+00:00,2026-08-29T07:13:21.833373+00:00
KXCS2GAME-26AUG292100OTEMP,CounterStrike,EMP/OT,2026-08-30T01:00:00+00:00,8188,19,11,2026-08-29T04:51:16.889436+00:00,2026-08-29T07:13:21.833373+00:00
KXCS2GAME-26AUG300400INFTTBS,CounterStrike,INF/TTBS,2026-08-30T08:00:00+00:00,84466,1063,11,2026-08-28T06:46:47.282106+00:00,2026-08-29T07:13:21.833373+00:00
KXCS2GAME-26AUG300500AURM80,CounterStrike,AUR/M80,2026-08-30T09:00:00+00:00,34736,76,14,2026-08-28T21:10:37.203181+00:00,2026-08-29T07:13:21.833373+00:00
KXCS2GAME-26AUG300500GROTHU,CounterStrike,GRO/THU,2026-08-30T09:00:00+00:00,62880,635,9,2026-08-28T13:00:46.417304+00:00,2026-08-29T07:13:21.833373+00:00
KXCS2GAME-26AUG300630QUBEACE,CounterStrike,EACE/QUB,2026-08-30T10:30:00+00:00,59260,55,0,2026-08-28T14:06:01.459135+00:00,2026-08-29T07:13:21.833373+00:00
KXCS2GAME-26AUG300700EFOG,CounterStrike,EF/OG,2026-08-30T11:00:00+00:00,84470,332,33,2026-08-28T06:46:47.282106+00:00,2026-08-29T07:13:21.912428+00:00
KXCS2GAME-26AUG300730NAVIG2,CounterStrike,G2/NAVI,2026-08-30T11:30:00+00:00,48386,134,10,2026-08-28T17:14:35.506838+00:00,2026-08-29T07:13:21.912428+00:00
KXCS2GAME-26AUG300900ALKAABSTA,CounterStrike,ALKAA/BSTA,2026-08-30T13:00:00+00:00,6494,4,0,2026-08-29T05:20:22.418826+00:00,2026-08-29T07:13:21.912428+00:00
KXCS2GAME-26AUG300900RANEX,CounterStrike,NEX/RA,2026-08-30T13:00:00+00:00,44260,138,0,2026-08-28T18:25:46.910204+00:00,2026-08-29T07:13:21.912428+00:00
KXCS2GAME-26AUG301000RACLARGA,CounterStrike,LARGA/RAC,2026-08-30T14:00:00+00:00,84476,801,11,2026-08-28T06:46:47.282106+00:00,2026-08-29T07:13:21.912428+00:00
KXCS2GAME-26AUG301200DAMPAINA,CounterStrike,DAM/PAINA,2026-08-30T16:00:00+00:00,6494,2,0,2026-08-29T05:20:22.418826+00:00,2026-08-29T07:13:21.912428+00:00
KXCS2GAME-26AUG301500PLDCHAMA,CounterStrike,CHAMA/PLD,2026-08-30T19:00:00+00:00,6494,2,0,2026-08-29T05:20:22.418826+00:00,2026-08-29T07:13:21.912428+00:00
KXCS2GAME-26AUG301700GLSIMP,CounterStrike,GLS/IMP,2026-08-30T21:00:00+00:00,23198,152,0,2026-08-29T00:30:17.027795+00:00,2026-08-29T07:13:21.912428+00:00
KXCS2GAME-26AUG301800GREODK,CounterStrike,GRE/ODK,2026-08-30T22:00:00+00:00,6154,2,0,2026-08-29T05:26:22.983550+00:00,2026-08-29T07:13:21.912428+00:00
KXCS2GAME-26AUG302100VOCMAR,CounterStrike,MAR/VOC,2026-08-31T01:00:00+00:00,8190,91,0,2026-08-29T04:51:17.014785+00:00,2026-08-29T07:13:21.912428+00:00
KXCS2GAME-26AUG310400HAVUSSINS,CounterStrike,HAVU/SSINS,2026-08-31T08:00:00+00:00,24588,113,0,2026-08-29T00:06:14.325255+00:00,2026-08-29T07:13:21.912428+00:00
KXCS2GAME-26AUG310500FURIATS,CounterStrike,FURIA/TS,2026-08-31T09:00:00+00:00,24588,387,3,2026-08-29T00:06:14.325255+00:00,2026-08-29T07:13:21.912428+00:00
KXCS2GAME-26AUG310700MAIMIS,CounterStrike,MAI/MIS,2026-08-31T11:00:00+00:00,24588,8,0,2026-08-29T00:06:14.325255+00:00,2026-08-29T07:13:21.912428+00:00
KXCS2GAME-26AUG310700WRAMZP,CounterStrike,MZP/WRA,2026-08-31T11:00:00+00:00,24588,344,0,2026-08-29T00:06:14.325255+00:00,2026-08-29T07:13:21.912428+00:00
KXCS2GAME-26AUG311000ASTBRUTE,CounterStrike,AST/BRUTE,2026-08-31T14:00:00+00:00,24588,389,18,2026-08-29T00:06:14.325255+00:00,2026-08-29T07:13:21.912428+00:00
KXDOTA2GAME-26AUG280300ICPCKCP,Dota2,IC/PCKCP,2026-08-28T07:00:00+00:00,10652,430,422,2026-08-28T06:46:47.282106+00:00,2026-08-28T09:51:17.288720+00:00
KXDOTA2GAME-26AUG280300STXLYNX,Dota2,LYNX/STX,2026-08-28T07:00:00+00:00,7736,117,298,2026-08-28T06:46:47.408723+00:00,2026-08-28T09:01:10.314523+00:00
KXDOTA2GAME-26AUG280600SBREA,Dota2,REA/SB,2026-08-28T10:00:00+00:00,25026,742,956,2026-08-28T06:46:47.408723+00:00,2026-08-28T14:01:58.063112+00:00
KXDOTA2GAME-26AUG280600SPIRITACSTX,Dota2,SPIRITAC/STX,2026-08-28T10:00:00+00:00,84530,596,167,2026-08-28T06:46:47.408723+00:00,2026-08-29T07:13:21.912428+00:00
KXDOTA2GAME-26AUG280900ICDYN,Dota2,DYN/IC,2026-08-28T13:00:00+00:00,39446,1156,3202,2026-08-28T06:46:47.408723+00:00,2026-08-28T18:11:43.470956+00:00
KXDOTA2GAME-26AUG280900NEMIGASYN,Dota2,NEMIGA/SYN,2026-08-28T13:00:00+00:00,37132,980,1645,2026-08-28T06:46:47.408723+00:00,2026-08-28T17:31:35.651718+00:00
KXDOTA2GAME-26AUG281200FTSSYN,Dota2,FTS/SYN,2026-08-28T16:00:00+00:00,45128,725,232,2026-08-28T06:46:47.408723+00:00,2026-08-28T19:51:08.090043+00:00
KXDOTA2GAME-26AUG281200PCKCPDYN,Dota2,DYN/PCKCP,2026-08-28T16:00:00+00:00,44562,543,365,2026-08-28T06:46:47.408723+00:00,2026-08-28T19:41:07.802140+00:00
KXDOTA2GAME-26AUG281500NEMIGAFTS,Dota2,FTS/NEMIGA,2026-08-28T19:00:00+00:00,53780,595,1074,2026-08-28T06:46:47.408723+00:00,2026-08-28T22:20:43.262485+00:00
KXDOTA2GAME-26AUG281500REAKS,Dota2,KS/REA,2026-08-28T19:00:00+00:00,54428,567,541,2026-08-28T06:46:47.408723+00:00,2026-08-28T22:31:45.983196+00:00
KXDOTA2GAME-26AUG282200CRESNEXUS,Dota2,CRES/NEXUS,2026-08-29T02:00:00+00:00,51710,1432,2856,2026-08-28T15:25:16.257593+00:00,2026-08-29T06:21:24.820851+00:00
KXDOTA2GAME-26AUG282200SATANDB,Dota2,DB/SATAN,2026-08-29T02:00:00+00:00,74026,473,207,2026-08-28T06:46:47.408723+00:00,2026-08-29T04:11:09.638918+00:00
KXDOTA2GAME-26AUG290100NOVUSCLO,Dota2,CLO/NOVUS,2026-08-29T05:00:00+00:00,58684,814,364,2026-08-28T14:16:02.746201+00:00,2026-08-29T07:13:21.912428+00:00
KXDOTA2GAME-26AUG290100SEVNEM,Dota2,NEM/SEV,2026-08-29T05:00:00+00:00,84528,1036,1668,2026-08-28T06:46:47.408723+00:00,2026-08-29T07:13:21.912428+00:00
KXDOTA2GAME-26AUG290300LYNXSB,Dota2,LYNX/SB,2026-08-29T07:00:00+00:00,84528,255,9,2026-08-28T06:46:47.408723+00:00,2026-08-29T07:13:21.912428+00:00
KXDOTA2GAME-26AUG290400KINICE,Dota2,ICE/KIN,2026-08-29T08:00:00+00:00,32634,77,1,2026-08-28T21:47:40.023846+00:00,2026-08-29T07:13:21.912428+00:00
KXDOTA2GAME-26AUG290400SBNAVI,Dota2,NAVI/SB,2026-08-29T08:00:00+00:00,84528,499,34,2026-08-28T06:46:47.408723+00:00,2026-08-29T07:13:21.912428+00:00
KXDOTA2GAME-26AUG290400TGOALIDYB,Dota2,TGOALID/YB,2026-08-29T08:00:00+00:00,54698,94,47,2026-08-28T15:25:16.257593+00:00,2026-08-29T07:13:21.912428+00:00
KXDOTA2GAME-26AUG290400TPBICE,Dota2,ICE/TPB,2026-08-29T08:00:00+00:00,84526,916,81,2026-08-28T06:46:47.408723+00:00,2026-08-29T07:13:21.912428+00:00
KXDOTA2GAME-26AUG290600NEMIGADYN,Dota2,DYN/NEMIGA,2026-08-29T10:00:00+00:00,84526,369,4,2026-08-28T06:46:47.408723+00:00,2026-08-29T07:13:21.912428+00:00
KXDOTA2GAME-26AUG290700AIRES,Dota2,AI/RES,2026-08-29T11:00:00+00:00,58682,141,46,2026-08-28T14:16:02.746201+00:00,2026-08-29T07:13:21.912428+00:00
KXDOTA2GAME-26AUG290700KINXCTN,Dota2,KIN/XCTN,2026-08-29T11:00:00+00:00,84520,767,24,2026-08-28T06:46:47.408723+00:00,2026-08-29T07:13:21.993310+00:00
KXDOTA2GAME-26AUG290700TPBXCTN,Dota2,TPB/XCTN,2026-08-29T11:00:00+00:00,30450,89,0,2026-08-28T22:25:47.210972+00:00,2026-08-29T07:13:21.993310+00:00
KXDOTA2GAME-26AUG290700YESMOUZ,Dota2,MOUZ/YES,2026-08-29T11:00:00+00:00,84520,389,37,2026-08-28T06:46:47.408723+00:00,2026-08-29T07:13:21.993310+00:00
KXDOTA2GAME-26AUG290900SPIRITACLYNX,Dota2,LYNX/SPIRITAC,2026-08-29T13:00:00+00:00,25554,1290,344,2026-08-28T06:46:47.408723+00:00,2026-08-28T14:10:59.299182+00:00
KXDOTA2GAME-26AUG291000LYNXHUL,Dota2,HUL/LYNX,2026-08-29T14:00:00+00:00,84520,296,9,2026-08-28T06:46:47.408723+00:00,2026-08-29T07:13:21.993310+00:00
KXDOTA2GAME-26AUG291200PCKCPSYN,Dota2,PCKCP/SYN,2026-08-29T16:00:00+00:00,84524,353,2,2026-08-28T06:46:47.408723+00:00,2026-08-29T07:13:21.993310+00:00
KXDOTA2GAME-26AUG291300LVLUPPIP,Dota2,LVLUP/PIP,2026-08-29T17:00:00+00:00,84524,233,8,2026-08-28T06:46:47.408723+00:00,2026-08-29T07:13:21.993310+00:00
KXDOTA2GAME-26AUG291500SPIRITACKS,Dota2,KS/SPIRITAC,2026-08-29T19:00:00+00:00,84524,380,1,2026-08-28T06:46:47.408723+00:00,2026-08-29T07:13:21.993310+00:00
KXLOLGAME-26AUG280200NIPEDG,LeagueOfLegends,EDG/NIP,2026-08-28T06:00:00+00:00,8324,173,1137,2026-08-28T06:46:47.408723+00:00,2026-08-28T09:11:10.595336+00:00
KXLOLGAME-26AUG280400FOXBRO,LeagueOfLegends,BRO/FOX,2026-08-28T08:00:00+00:00,21652,736,4261,2026-08-28T06:46:47.408723+00:00,2026-08-28T13:01:44.381148+00:00
KXLOLGAME-26AUG280500GROTRI,LeagueOfLegends,GRO/TRI,2026-08-28T09:00:00+00:00,26128,205,336,2026-08-28T06:46:47.408723+00:00,2026-08-28T14:20:58.979683+00:00
KXLOLGAME-26AUG280500IGTT,LeagueOfLegends,IG/TT,2026-08-28T09:00:00+00:00,21074,209,1052,2026-08-28T06:46:47.556264+00:00,2026-08-28T12:51:42.638705+00:00
KXLOLGAME-26AUG280500TSMOT,LeagueOfLegends,OT/TSM,2026-08-28T09:00:00+00:00,27260,854,330,2026-08-28T06:46:47.556264+00:00,2026-08-28T14:41:09.113330+00:00
KXLOLGAME-26AUG280900GSMCTP,LeagueOfLegends,GSMC/TP,2026-08-28T13:00:00+00:00,37126,1570,2293,2026-08-28T06:46:47.556264+00:00,2026-08-28T17:31:35.704738+00:00
KXLOLGAME-26AUG281100THSHFT,LeagueOfLegends,SHFT/TH,2026-08-28T15:00:00+00:00,35952,271,1667,2026-08-28T06:46:47.556264+00:00,2026-08-28T17:11:33.459628+00:00
KXLOLGAME-26AUG281315FNCVIT,LeagueOfLegends,FNC/VIT,2026-08-28T17:15:00+00:00,44602,485,3473,2026-08-28T06:46:47.556264+00:00,2026-08-28T19:41:07.802140+00:00
KXLOLGAME-26AUG281700MVUCPD,LeagueOfLegends,CPD/MVU,2026-08-28T21:00:00+00:00,58478,706,3298,2026-08-28T06:46:47.556264+00:00,2026-08-28T23:40:52.182702+00:00
KXLOLGAME-26AUG282000WUNRG,LeagueOfLegends,NRG/WU,2026-08-29T00:00:00+00:00,67692,598,2288,2026-08-28T06:46:47.556264+00:00,2026-08-29T02:20:35.105556+00:00
KXLOLGAME-26AUG290000TSMTRI,LeagueOfLegends,TRI/TSM,2026-08-29T04:00:00+00:00,55682,678,143,2026-08-28T15:09:14.910653+00:00,2026-08-29T07:13:21.993310+00:00
KXLOLGAME-26AUG290400FOXT1,LeagueOfLegends,FOX/T1,2026-08-29T08:00:00+00:00,59306,124,255,2026-08-28T14:06:01.579918+00:00,2026-08-29T07:13:21.993310+00:00
KXLOLGAME-26AUG290500CFOMVK,LeagueOfLegends,CFO/MVK,2026-08-29T09:00:00+00:00,84564,50,149,2026-08-28T06:46:47.556264+00:00,2026-08-29T07:13:21.993310+00:00
KXLOLGAME-26AUG290500LGDTES,LeagueOfLegends,LGD/TES,2026-08-29T09:00:00+00:00,84564,48,341,2026-08-28T06:46:47.556264+00:00,2026-08-29T07:13:21.993310+00:00
KXLOLGAME-26AUG290600PCSKCBS,LeagueOfLegends,KCBS/PCS,2026-08-29T10:00:00+00:00,84564,800,13,2026-08-28T06:46:47.556264+00:00,2026-08-29T07:13:21.993310+00:00
KXLOLGAME-26AUG290900RBMR,LeagueOfLegends,MR/RB,2026-08-29T13:00:00+00:00,84558,3055,23,2026-08-28T06:46:47.556264+00:00,2026-08-29T07:13:21.993310+00:00
KXLOLGAME-26AUG291100SKKC,LeagueOfLegends,KC/SK,2026-08-29T15:00:00+00:00,84564,77,78,2026-08-28T06:46:47.556264+00:00,2026-08-29T07:13:21.993310+00:00
KXLOLGAME-26AUG291200REDLLL,LeagueOfLegends,LLL/RED,2026-08-29T16:00:00+00:00,84566,186,21,2026-08-28T06:46:47.556264+00:00,2026-08-29T07:13:21.993310+00:00
KXLOLGAME-26AUG291315GXNAVI,LeagueOfLegends,GX/NAVI,2026-08-29T17:15:00+00:00,84566,12,43,2026-08-28T06:46:47.556264+00:00,2026-08-29T07:13:21.993310+00:00
KXLOLGAME-26AUG291400LOSFLU,LeagueOfLegends,FLU/LOS,2026-08-29T18:00:00+00:00,84566,49,16,2026-08-28T06:46:47.556264+00:00,2026-08-29T07:13:21.993310+00:00
KXLOLGAME-26AUG291600SRTL,LeagueOfLegends,SR/TL,2026-08-29T20:00:00+00:00,84566,31,55,2026-08-28T06:46:47.556264+00:00,2026-08-29T07:13:21.993310+00:00
KXLOLGAME-26AUG291900LYC9,LeagueOfLegends,C9/LY,2026-08-29T23:00:00+00:00,84568,14,137,2026-08-28T06:46:47.556264+00:00,2026-08-29T07:13:21.993310+00:00
KXLOLGAME-26AUG300400KTDK,LeagueOfLegends,DK/KT,2026-08-30T08:00:00+00:00,59308,65,30,2026-08-28T14:06:01.701473+00:00,2026-08-29T07:13:21.993310+00:00
KXLOLGAME-26AUG300500WEJDG,LeagueOfLegends,JDG/WE,2026-08-30T09:00:00+00:00,84570,65,20,2026-08-28T06:46:47.556264+00:00,2026-08-29T07:13:21.993310+00:00
KXLOLGAME-26AUG300800VITSHFT,LeagueOfLegends,SHFT/VIT,2026-08-30T12:00:00+00:00,84572,172,23,2026-08-28T06:46:47.556264+00:00,2026-08-29T07:13:21.993310+00:00
KXLOLGAME-26AUG301015THMKOI,LeagueOfLegends,MKOI/TH,2026-08-30T14:15:00+00:00,84572,280,29,2026-08-28T06:46:47.556264+00:00,2026-08-29T07:13:21.993310+00:00
KXLOLGAME-26AUG301200VKSPNG,LeagueOfLegends,PNG/VKS,2026-08-30T16:00:00+00:00,84572,271,56,2026-08-28T06:46:47.556264+00:00,2026-08-29T07:13:21.993310+00:00
KXLOLGAME-26AUG301230GXFNC,LeagueOfLegends,FNC/GX,2026-08-30T16:30:00+00:00,84574,257,36,2026-08-28T06:46:47.556264+00:00,2026-08-29T07:13:21.993310+00:00
KXLOLGAME-26AUG301400LEVFUR,LeagueOfLegends,FUR/LEV,2026-08-30T18:00:00+00:00,84576,52,30,2026-08-28T06:46:47.556264+00:00,2026-08-29T07:13:22.066986+00:00
KXLOLGAME-26AUG301600TLLY,LeagueOfLegends,LY/TL,2026-08-30T20:00:00+00:00,84578,96,56,2026-08-28T06:46:47.556264+00:00,2026-08-29T07:13:22.066986+00:00
KXLOLGAME-26AUG301900SRC9,LeagueOfLegends,C9/SR,2026-08-30T23:00:00+00:00,84582,162,21,2026-08-28T06:46:47.556264+00:00,2026-08-29T07:13:22.066986+00:00
KXLOLGAME-26AUG310100DRXCKTC,LeagueOfLegends,DRXC/KTC,2026-08-31T05:00:00+00:00,84580,355,11,2026-08-28T06:46:47.678654+00:00,2026-08-29T07:13:22.066986+00:00
KXLOLGAME-26AUG310400DNSCNSEA,LeagueOfLegends,DNSC/NSEA,2026-08-31T08:00:00+00:00,84586,165,5,2026-08-28T06:46:47.678654+00:00,2026-08-29T07:13:22.066986+00:00
KXLOLGAME-26AUG311200APVDN,LeagueOfLegends,AP/VDN,2026-08-31T16:00:00+00:00,51294,104,0,2026-08-28T16:25:25.172136+00:00,2026-08-29T07:13:22.066986+00:00
KXLOLGAME-26AUG311600RMDITZ,LeagueOfLegends,ITZ/RMD,2026-08-31T20:00:00+00:00,84584,881,5,2026-08-28T06:46:47.678654+00:00,2026-08-29T07:13:22.066986+00:00
KXLOLGAME-26AUG311900FUE3V,LeagueOfLegends,3V/FUE,2026-08-31T23:00:00+00:00,84582,318,24,2026-08-28T06:46:47.678654+00:00,2026-08-29T07:13:22.066986+00:00
KXLOLGAME-26SEP011100BARUCAM,LeagueOfLegends,BAR/UCAM,2026-09-01T15:00:00+00:00,24704,163,1,2026-08-29T00:05:15.046412+00:00,2026-08-29T07:13:22.066986+00:00
KXLOLGAME-26SEP011100BOMLDS,LeagueOfLegends,BOM/LDS,2026-09-01T15:00:00+00:00,24704,397,0,2026-08-29T00:05:15.046412+00:00,2026-08-29T07:13:22.066986+00:00
KXLOLGAME-26SEP011100DPPCIFIC,LeagueOfLegends,DP/PCIFIC,2026-09-01T15:00:00+00:00,24704,33,0,2026-08-29T00:05:15.046412+00:00,2026-08-29T07:13:22.066986+00:00
KXLOLGAME-26SEP011100KHKUSE,LeagueOfLegends,KHK/USE,2026-09-01T15:00:00+00:00,24704,289,5,2026-08-29T00:05:15.046412+00:00,2026-08-29T07:13:22.066986+00:00
KXLOLGAME-26SEP011200KCBTLN,LeagueOfLegends,KCB/TLN,2026-09-01T16:00:00+00:00,24704,169,2,2026-08-29T00:05:15.046412+00:00,2026-08-29T07:13:22.066986+00:00
KXLOLGAME-26SEP011300UPUOA,LeagueOfLegends,OA/UPU,2026-09-01T17:00:00+00:00,24704,32,0,2026-08-29T00:05:15.046412+00:00,2026-08-29T07:13:22.066986+00:00
KXLOLGAME-26SEP011600GLMAZ,LeagueOfLegends,GL/MAZ,2026-09-01T20:00:00+00:00,24704,151,0,2026-08-29T00:05:15.046412+00:00,2026-08-29T07:13:22.066986+00:00
KXLOLGAME-26SEP011600KBMNERD,LeagueOfLegends,KBM/NERD,2026-09-01T20:00:00+00:00,24704,158,8,2026-08-29T00:05:15.046412+00:00,2026-08-29T07:13:22.066986+00:00
KXVALORANTGAME-26AUG280400OSGPR,Valorant,OSG/PR,2026-08-28T08:00:00+00:00,12336,348,1997,2026-08-28T06:46:47.678654+00:00,2026-08-28T10:21:28.540122+00:00
KXVALORANTGAME-26AUG280700T1DRX,Valorant,DRX/T1,2026-08-28T11:00:00+00:00,20446,370,1495,2026-08-28T06:46:47.678654+00:00,2026-08-28T12:41:43.365949+00:00
KXVALORANTGAME-26AUG281000FUTKC,Valorant,FUT/KC,2026-08-28T14:00:00+00:00,33022,438,2114,2026-08-28T06:46:47.678654+00:00,2026-08-28T16:21:19.824445+00:00
KXVALORANTGAME-26AUG281300FIRETL,Valorant,FIRE/TL,2026-08-28T17:00:00+00:00,42284,304,2158,2026-08-28T06:46:47.678654+00:00,2026-08-28T19:01:55.643297+00:00
KXVALORANTGAME-26AUG281700LOUDNRG,Valorant,LOUD/NRG,2026-08-28T21:00:00+00:00,62500,666,5063,2026-08-28T06:46:47.678654+00:00,2026-08-29T00:51:16.913318+00:00
KXVALORANTGAME-26AUG282000LEV100T,Valorant,100T/LEV,2026-08-29T00:00:00+00:00,66544,424,2965,2026-08-28T06:46:47.678654+00:00,2026-08-29T02:01:34.188523+00:00
KXVALORANTGAME-26AUG290400PRVAR,Valorant,PR/VAR,2026-08-29T08:00:00+00:00,69040,123,236,2026-08-28T11:15:38.094888+00:00,2026-08-29T07:13:22.066986+00:00
KXVALORANTGAME-26AUG290700T1GENG,Valorant,GENG/T1,2026-08-29T11:00:00+00:00,61040,91,194,2026-08-28T13:35:52.217657+00:00,2026-08-29T07:13:22.066986+00:00
KXVALORANTGAME-26AUG291100TLFUT,Valorant,FUT/TL,2026-08-29T15:00:00+00:00,37248,129,77,2026-08-28T20:28:24.826415+00:00,2026-08-29T07:13:22.066986+00:00
KXVALORANTGAME-26AUG291700G2FUR,Valorant,FUR/G2,2026-08-29T21:00:00+00:00,84542,126,49,2026-08-28T06:46:47.678654+00:00,2026-08-29T07:13:22.066986+00:00
KXVALORANTGAME-26AUG292000EGMIBR,Valorant,EG/MIBR,2026-08-30T00:00:00+00:00,84534,159,82,2026-08-28T06:46:47.678654+00:00,2026-08-29T07:13:22.066986+00:00
KXVALORANTGAME-26AUG300400G2M8GC,Valorant,G2/M8GC,2026-08-30T08:00:00+00:00,84532,326,50,2026-08-28T06:46:47.678654+00:00,2026-08-29T07:13:22.066986+00:00
